Workbook

Sheet Student Marks Data
A1: Student ID | B1: Name | C1: Class | D1: Maths | E1: Physics | F1: Chemistry | G1: English | H1: Computer | I1: Total Marks | J1: Average | K1: Percentage | L1: Result
A2: ST001 | B2: Aarav Singh | C2: B.Tech CSE | D2: 39 | E2: 85 | F2: 55 | G2: 53 | H2: 52 | I2: =SUM(D2:H2) -> 284 | J2: =AVERAGE(D2:H2) -> 56.8 | K2: =I2/5 -> 56.8 | L2: =IF(MIN(D2:H2)>=40," PASS", "FAIL") -> FAIL
A3: ST002 | B3: Riya Kumar | C3: B.Tech AI&ML | D3: 85 | E3: 44 | F3: 81 | G3: 85 | H3: 95 | I3: =SUM(D3:H3) -> 390 | J3: =AVERAGE(D3:H3) -> 78 | K3: =I3/5 -> 78 | L3: =IF(MIN(D3:H3)>=40," PASS", "FAIL") -> PASS
A4: ST003 | B4: Arjun Joshi | C4: B.Tech CSE | D4: 75 | E4: 65 | F4: 40 | G4: 39 | H4: 43 | I4: =SUM(D4:H4) -> 262 | J4: =AVERAGE(D4:H4) -> 52.4 | K4: =I4/5 -> 52.4 | L4: =IF(MIN(D4:H4)>=40," PASS", "FAIL") -> FAIL
A5: ST004 | B5: Ananya Jain | C5: B.Tech AI&ML | D5: 52 | E5: 70 | F5: 76 | G5: 39 | H5: 73 | I5: =SUM(D5:H5) -> 310 | J5: =AVERAGE(D5:H5) -> 62 | K5: =I5/5 -> 62 | L5: =IF(MIN(D5:H5)>=40," PASS", "FAIL") -> FAIL
A6: ST005 | B6: Rahul Bansal | C6: B.Tech AI&ML | D6: 83 | E6: 79 | F6: 82 | G6: 72 | H6: 64 | I6: =SUM(D6:H6) -> 380 | J6: =AVERAGE(D6:H6) -> 76 | K6: =I6/5 -> 76 | L6: =IF(MIN(D6:H6)>=40," PASS", "FAIL") -> PASS
A7: ST006 | B7: Priya Saxena | C7: B.Tech AI&ML | D7: 66 | E7: 75 | F7: 55 | G7: 89 | H7: 93 | I7: =SUM(D7:H7) -> 378 | J7: =AVERAGE(D7:H7) -> 75.6 | K7: =I7/5 -> 75.6 | L7: =IF(MIN(D7:H7)>=40," PASS", "FAIL") -> PASS
A8: ST007 | B8: Karan Sharma | C8: B.Tech CSE | D8: 86 | E8: 89 | F8: 48 | G8: 82 | H8: 65 | I8: =SUM(D8:H8) -> 370 | J8: =AVERAGE(D8:H8) -> 74 | K8: =I8/5 -> 74 | L8: =IF(MIN(D8:H8)>=40," PASS", "FAIL") -> PASS
A9: ST008 | B9: Neha Gupta | C9: BCA | D9: 55 | E9: 47 | F9: 51 | G9: 99 | H9: 86 | I9: =SUM(D9:H9) -> 338 | J9: =AVERAGE(D9:H9) -> 67.6 | K9: =I9/5 -> 67.6 | L9: =IF(MIN(D9:H9)>=40," PASS", "FAIL") -> PASS
A10: ST009 | B10: Mohit Yadav | C10: BCA | D10: 44 | E10: 43 | F10: 62 | G10: 44 | H10: 60 | I10: =SUM(D10:H10) -> 253 | J10: =AVERAGE(D10:H10) -> 50.6 | K10: =I10/5 -> 50.6 | L10: =IF(MIN(D10:H10)>=40," PASS", "FAIL") -> PASS
A11: ST010 | B11: Simran Saini | C11: BCA | D11: 76 | E11: 54 | F11: 89 | G11: 40 | H11: 84 | I11: =SUM(D11:H11) -> 343 | J11: =AVERAGE(D11:H11) -> 68.6 | K11: =I11/5 -> 68.6 | L11: =IF(MIN(D11:H11)>=40," PASS", "FAIL") -> PASS
A12: ST011 | B12: Aditya Mishra | C12: B.Sc CS | D12: 72 | E12: 45 | F12: 97 | G12: 62 | H12: 43 | I12: =SUM(D12:H12) -> 319 | J12: =AVERAGE(D12:H12) -> 63.8 | K12: =I12/5 -> 63.8 | L12: =IF(MIN(D12:H12)>=40," PASS", "FAIL") -> PASS
A13: ST012 | B13: Pooja Agarwal | C13: BCA | D13: 91 | E13: 78 | F13: 77 | G13: 94 | H13: 93 | I13: =SUM(D13:H13) -> 433 | J13: =AVERAGE(D13:H13) -> 86.6 | K13: =I13/5 -> 86.6 | L13: =IF(MIN(D13:H13)>=40," PASS", "FAIL") -> PASS
... A101: ST100 | B101: Kritika Goyal | C101: BCA | D101: 98 | E101: 39 | F101: 45 | G101: 94 | H101: 54 | I101: =SUM(D101:H101) -> 330 | J101: =AVERAGE(D101:H101) -> 66 | K101: =I101/5 -> 66 | L101: =IF(MIN(D101:H101)>=40," PASS", "FAIL") -> FAIL

Sheet Analysis
D8: Simple Analysis
C12: Basic Statistics | F12: Top 5 Students | K12: Pass/Fail Analysis
C13: Total Students | D13: =COUNTA('Student Marks Data'!A2:A101) -> 100 | F13: Rank | G13: Student Name | H13: Total Marks | I13: Percentage | K13: Result | L13: Students | M13: Percentage
C14: Class Average | D14: =AVERAGE('Student Marks Data'!I2:I101) -> 341.35 | F14: 1 | G14: Abhishek Rana | H14: =INDEX('Student Marks Data'!I2:I101,MATCH(G14,'Student Marks Data'!B2:B101,0)) -> 436 | I14: =INDEX('Student Marks Data'!K2:K101,MATCH(Analysis!G14,'Student Marks Data'!B2:B101,0)) -> 87.2 | K14: Pass | L14: =COUNTIF('Student Marks Data'!L2:L101,"*PASS*") -> 86 | M14: =L14/SUM($L$14,$L$15)*100 -> 86
C15: Highest Total Marks | D15: =MAX('Student Marks Data'!I1:I101) -> 436 | F15: 2 | G15: Pooja Agarwal | H15: =INDEX('Student Marks Data'!I2:I101,MATCH(G15,'Student Marks Data'!B2:B101,0)) -> 433 | I15: =INDEX('Student Marks Data'!K3:K102,MATCH(Analysis!G15,'Student Marks Data'!B3:B102,0)) -> 86.6 | K15: Fail | L15: =COUNTIF('Student Marks Data'!L2:L101,"FAIL") -> 14 | M15: =L14/SUM($L$14,$L$15)*100 -> 86
C16: Lowest Total marks | D16: =MIN('Student Marks Data'!I84:I101) -> 269 | F16: 3 | G16: Manya Kumar | H16: =INDEX('Student Marks Data'!I4:I103,MATCH(G16,'Student Marks Data'!B4:B103,0)) -> 421 | I16: =INDEX('Student Marks Data'!K4:K103,MATCH(Analysis!G16,'Student Marks Data'!B4:B103,0)) -> 84.2
C17: Passed Students | D17: =COUNTIF('Student Marks Data'!L2:L101,"*PASS*") -> 86 | F17: 4 | G17: Priya Patel | H17: =INDEX('Student Marks Data'!I4:I103,MATCH(G17,'Student Marks Data'!B4:B103,0)) -> 413 | I17: =INDEX('Student Marks Data'!K5:K104,MATCH(Analysis!G17,'Student Marks Data'!B5:B104,0)) -> 82.6
C18: Failed Student | D18: =COUNTIF('Student Marks Data'!L2:L101,"FAIL") -> 14 | F18: 5 | G18: Aman Yadav | H18: =INDEX('Student Marks Data'!I6:I105,MATCH(G18,'Student Marks Data'!B6:B105,0)) -> 407 | I18: =INDEX('Student Marks Data'!K6:K105,MATCH(Analysis!G18,'Student Marks Data'!B6:B105,0)) -> 81.4
C20: Subject-wise Analysis | F20: Bottom 5 Students
C21: Subject | D21: Average Marks | F21: Rank | G21: Student Name | H21: Total Marks | I21: Percentage
C22: Maths | D22: =AVERAGE('Student Marks Data'!D2:D101) -> 66.89 | F22: 1 | G22: Mohit Yadav | H22: =INDEX('Student Marks Data'!I2:I101,MATCH(G22,'Student Marks Data'!B2:B101,0)) -> 253 | I22: =INDEX('Student Marks Data'!K2:K101,MATCH(G22,'Student Marks Data'!B2:B101,0)) -> 50.6
C23: Physics | D23: =AVERAGE('Student Marks Data'!E2:E101) -> 67.52 | F23: 2 | G23: Arjun Joshi | H23: =INDEX('Student Marks Data'!I3:I102,MATCH(G23,'Student Marks Data'!B3:B102,0)) -> 262 | I23: =INDEX('Student Marks Data'!K3:K102,MATCH(G23,'Student Marks Data'!B3:B102,0)) -> 52.4
C24: Chemistry | D24: =AVERAGE('Student Marks Data'!F2:F101) -> 67.24 | F24: 3 | G24: Simran Goyal | H24: =INDEX('Student Marks Data'!I4:I103,MATCH(G24,'Student Marks Data'!B4:B103,0)) -> 264 | I24: =INDEX('Student Marks Data'!K4:K103,MATCH(G24,'Student Marks Data'!B4:B103,0)) -> 52.8
C25: English | D25: =AVERAGE('Student Marks Data'!G2:G101) -> 70.6 | F25: 4 | G25: Gaurav Bansal | H25: =INDEX('Student Marks Data'!I5:I104,MATCH(G25,'Student Marks Data'!B5:B104,0)) -> 267 | I25: =INDEX('Student Marks Data'!K5:K104,MATCH(G25,'Student Marks Data'!B5:B104,0)) -> 53.4
C26: Computer | D26: =AVERAGE('Student Marks Data'!H2:H101) -> 69.1 | F26: 5 | G26: Rajat Sharma | H26: =INDEX('Student Marks Data'!I6:I105,MATCH(G26,'Student Marks Data'!B6:B105,0)) -> 269 | I26: =INDEX('Student Marks Data'!K6:K105,MATCH(G26,'Student Marks Data'!B6:B105,0)) -> 53.8

Sheet Sheet2
F3: Dashboard for this project
